Feature,Observation,Outlier Upper Bound,Percentage Rows Outlier,Max,Min,STD,AVG,Skewness,Ignore
VALUE_ORDER_PRE,"Value attribute, float continuous values",144.64111668321107,4.296666666666667,1047.8,0.0,57.38273234160554,,4.1714761193657415,
SESSION_TIME,Attribute with time values,16.304795658923336,2.29,24.0,1.0,3.863447829461668,,0.18854037074487345,
AMOUNT_ORDER_PRE,Amount of items ordered(?),2.1379321604069252,2.316666666666667,6.0,0.0,0.7656160802034627,,1.457657111873425,
AMOUNT_ORDER,Amount of items ordered(?),3.285191190216932,4.44,9.0,1.0,0.921495595108466,,2.806919331206084,
VALUE_ORDER,"Value attribute, float continuous values",115.3869190584885,4.743333333333333,361.2,5.2,35.70943052924425,,2.1238469975057277,
